ticker,name,issuer,issuer_domain,structure,research_group,net_expense_ratio_pct,fee_designation,fee_as_of,fee_source_url,fee_source_date,waiver_or_expiry,aum_usd,aum_as_of,aum_source_url,inception_date,legal_form_verified,eligibility_state,eligibility_reason
VOO,Vanguard S&P 500 ETF,Vanguard,vanguard.com,ETF; verify current legal form,US broad market and styles,0.03,net,2026-06-30,https://fund-docs.vanguard.com/F0968.pdf,2026-06-30,,978960000000,2026-06-30,https://fund-docs.vanguard.com/F0968.pdf,2010-09-07,yes,Ranked,"Verified legal form, >=36 months history, dated net fee and AUM from issuer source. Notes: net = summary-prospectus total (no waiver line)."
IVV,iShares Core S&P 500 ETF,iShares,ishares.com,ETF; verify current legal form,US broad market and styles,,unknown,,,,,896439871787,2026-10-09,https://www.ishares.com/us/products/239726/ishares-core-sp-500-etf,2000-05-15,no,Input missing,Missing verified issuer input: net_expense_ratio_pct (fee_designation=unknown). Not ranked; nothing imputed.
VXUS,Vanguard Total International Stock Index Fund ETF,Vanguard,vanguard.com,ETF; verify current legal form,International and global equities,0.05,net,2026-06-30,https://fund-docs.vanguard.com/F3369.pdf,2026-06-30,,156510000000,2026-06-30,https://fund-docs.vanguard.com/F3369.pdf,2011-01-26,yes,Ranked,"Verified legal form, >=36 months history, dated net fee and AUM from issuer source. Notes: net = summary-prospectus total (no waiver line)."
QQQ,Nasdaq100 ETF,Invesco,invesco.com,ETF; confirm current legal form rather than carrying historical trust label,US broad market and styles,,unknown,,,,,,,,1999-03-10,yes,Input missing,Missing verified issuer input: net_expense_ratio_pct (fee_designation=unknown); aum_usd. Not ranked; nothing imputed.
BND,Vanguard Total Bond Market Index Fund ETF,Vanguard,vanguard.com,ETF; verify current legal form,Fixed income and preferred securities,0.03,net,2026-06-30,https://workplace.vanguard.com/iippdf/pdfs/FS928R.pdf,2026-06-30,,159816000000,2026-06-30,https://workplace.vanguard.com/iippdf/pdfs/FS928R.pdf,2007-04-03,yes,Ranked,"Verified legal form, >=36 months history, dated net fee and AUM from issuer source. Notes: net = summary-prospectus total (no waiver line)."
VUG,Vanguard Growth Index Fund ETF,Vanguard,vanguard.com,ETF; verify current legal form,US broad market and styles,0.03,net,2026-06-30,https://fund-docs.vanguard.com/F0967.pdf,2026-06-30,,223246000000,2026-06-30,https://fund-docs.vanguard.com/F0967.pdf,2004-01-26,yes,Ranked,"Verified legal form, >=36 months history, dated net fee and AUM from issuer source. Notes: net = summary-prospectus total (no waiver line)."
VEA,Vanguard Tax Managed Fund FTSE Developed Markets ETF,Vanguard,vanguard.com,ETF; verify current legal form,International and global equities,0.03,net,2026-06-30,https://workplace.vanguard.com/assets/corp/fund_communications/pdf_publish/us-products/fact-sheet/F0936.pdf,2026-06-30,,230949000000,2026-06-30,https://workplace.vanguard.com/assets/corp/fund_communications/pdf_publish/us-products/fact-sheet/F0936.pdf,2007-07-20,yes,Ranked,"Verified legal form, >=36 months history, dated net fee and AUM from issuer source. Notes: net = summary-prospectus total (no waiver line)."
VTV,Vanguard Value Index Fund ETF,Vanguard,vanguard.com,ETF; verify current legal form,US broad market and styles,0.03,net,2026-06-30,https://fund-docs.vanguard.com/F0966.pdf,2026-06-30,,186106000000,2026-06-30,https://fund-docs.vanguard.com/F0966.pdf,2004-01-26,yes,Ranked,"Verified legal form, >=36 months history, dated net fee and AUM from issuer source. Notes: net = summary-prospectus total (no waiver line)."
IEFA,iShares Core MSCI EAFE ETF,iShares,ishares.com,ETF; verify current legal form,International and global equities,,unknown,,,,,188124428455,2026-10-08,https://www.ishares.com/us/products/244049/IEFA,2012-10-18,no,Input missing,Missing verified issuer input: net_expense_ratio_pct (fee_designation=unknown). Not ranked; nothing imputed.
VGT,Vanguard Information Technology Index Fund ETF,Vanguard,vanguard.com,ETF; verify current legal form,Sector and thematic equities,0.09,net,2026-06-30,https://fund-docs.vanguard.com/F0958.pdf,2026-06-30,,146578000000,2026-06-30,https://fund-docs.vanguard.com/F0958.pdf,2004-01-26,yes,Ranked,"Verified legal form, >=36 months history, dated net fee and AUM from issuer source. Notes: net = summary-prospectus total (no waiver line)."
IEMG,iShares Core MSCI Emerging Markets ETF,iShares,ishares.com,ETF; verify current legal form,International and global equities,,unknown,,,,,158789111706,2026-10-08,https://www.ishares.com/us/products/244050/ishares-core-msci-emerging-markets-etf,2012-10-18,no,Input missing,Missing verified issuer input: net_expense_ratio_pct (fee_designation=unknown). Not ranked; nothing imputed.
GLD,SPDR Gold Trust,SPDR / World Gold Council,spdrgoldshares.com,physical-metal-trust,Physical precious metals,,unknown,,,,,,,,2004-11-18,no,Legal form unverified,Legal form not confirmed from issuer source (catalogue structure: physical-metal-trust). Not ranked until checked.
AGG,iShares Core US Aggregate Bond ETF,iShares,ishares.com,ETF; verify current legal form,Fixed income and preferred securities,,unknown,,,,,137104891172,2026-10-09,https://www.ishares.com/us/products/239458/ishares-core-u-s-aggregate-bond-etf,2003-09-22,no,Input missing,Missing verified issuer input: net_expense_ratio_pct (fee_designation=unknown). Not ranked; nothing imputed.
VIG,Vanguard Dividend Appreciation Index Fund ETF,Vanguard,vanguard.com,ETF; verify current legal form,Dividend equities,0.04,net,2026-06-30,https://fund-docs.vanguard.com/F0920.pdf,2026-06-30,,110165000000,2026-06-30,https://fund-docs.vanguard.com/F0920.pdf,2006-04-21,yes,Ranked,"Verified legal form, >=36 months history, dated net fee and AUM from issuer source. Notes: net = summary-prospectus total (no waiver line)."
XLK,State Street Technology Select Sector SPDR ETF,State Street,ssga.com,ETF; verify current legal form,Sector and thematic equities,,gross,,,,,130312660000,2026-10-08,https://www.ssga.com/us/en/individual/etfs/state-street-technology-select-sector-spdr-etf-xlk,1998-12-16,no,Input missing,Missing verified issuer input: net_expense_ratio_pct (fee_designation=gross). Not ranked; nothing imputed.
BNDX,Vanguard Total International Bond Index Fund ETF,Vanguard,vanguard.com,ETF; verify current legal form,Fixed income and preferred securities,0.07,net,2026-06-30,https://workplace.vanguard.com/assets/corp/fund_communications/pdf_publish/us-products/fact-sheet/F3711.pdf,2026-06-30,,82965000000,2026-06-30,https://workplace.vanguard.com/assets/corp/fund_communications/pdf_publish/us-products/fact-sheet/F3711.pdf,2013-05-31,yes,Ranked,"Verified legal form, >=36 months history, dated net fee and AUM from issuer source. Notes: net = summary-prospectus total (no waiver line)."
SGOV,iShares 0 3 Month Treasury Bond ETF,iShares,ishares.com,ETF; verify current legal form,Fixed income and preferred securities,,unknown,,,,,114803715316,2026-10-08,https://www.ishares.com/us/products/314116/ishares-0-3-month-treasury-bond-etf-sgov,2020-05-26,no,Input missing,Missing verified issuer input: net_expense_ratio_pct (fee_designation=unknown). Not ranked; nothing imputed.
QQQM,Invesco NASDAQ 100 ETF,Invesco,invesco.com,ETF; verify current legal form,US broad market and styles,,unknown,,,,,,,,,no,Input missing,Missing verified issuer input: net_expense_ratio_pct (fee_designation=unknown); aum_usd. Not ranked; nothing imputed.
SCHD,Schwab US Dividend Equity ETF,Schwab,schwabassetmanagement.com,ETF; verify current legal form,Dividend equities,,unknown,,,,,,,,,no,Input missing,Missing verified issuer input: net_expense_ratio_pct (fee_designation=unknown); aum_usd. Not ranked; nothing imputed.
VT,Vanguard Total World Stock Index Fund ETF,Vanguard,vanguard.com,ETF; verify current legal form,International and global equities,0.06,net,2026-06-30,https://fund-docs.vanguard.com/F3141.pdf,2026-06-30,,77627000000,2026-06-30,https://fund-docs.vanguard.com/F3141.pdf,2008-06-24,yes,Ranked,"Verified legal form, >=36 months history, dated net fee and AUM from issuer source. Notes: net = summary-prospectus total (no waiver line)."
VYM,Vanguard High Dividend Yield ETF,Vanguard,vanguard.com,ETF; verify current legal form,Dividend equities,0.04,net,2026-06-30,https://fund-docs.vanguard.com/F0923.pdf,2026-06-30,,78990000000,2026-06-30,https://fund-docs.vanguard.com/F0923.pdf,2006-11-10,yes,Ranked,"Verified legal form, >=36 months history, dated net fee and AUM from issuer source. Notes: net = summary-prospectus total (no waiver line)."
SMH,VanEck Semiconductor ETF,VanEck,vaneck.com,ETF; verify current legal form,Sector and thematic equities,,unknown,,,,,,,,,no,Input missing,Missing verified issuer input: net_expense_ratio_pct (fee_designation=unknown); aum_usd. Not ranked; nothing imputed.
VTIP,Vanguard Sht-Term Inflation-Protected Sec Idx ETF,Vanguard,vanguard.com,ETF; verify current legal form,Fixed income and preferred securities,0.03,net,2026-06-30,https://fund-docs.vanguard.com/F3365.pdf,2026-06-30,,19343000000,2026-06-30,https://fund-docs.vanguard.com/F3365.pdf,2012-10-12,yes,Ranked,"Verified legal form, >=36 months history, dated net fee and AUM from issuer source. Notes: net = summary-prospectus total (no waiver line)."
VCIT,Vanguard Intermediate Term Corporate Bond ETF,Vanguard,vanguard.com,ETF; verify current legal form,Fixed income and preferred securities,0.03,net,2026-06-30,https://fund-docs.vanguard.com/F3146.pdf,2026-06-30,,67268000000,2026-06-30,https://fund-docs.vanguard.com/F3146.pdf,2009-11-19,yes,Ranked,"Verified legal form, >=36 months history, dated net fee and AUM from issuer source. Notes: net = summary-prospectus total (no waiver line)."
VNQ,Vanguard Real Estate Index Fund ETF,Vanguard,vanguard.com,ETF; verify current legal form,Real estate and infrastructure equities,0.13,net,2026-06-30,https://fund-docs.vanguard.com/F0986.pdf,2026-06-30,,38203000000,2026-06-30,https://fund-docs.vanguard.com/F0986.pdf,2004-09-23,yes,Ranked,"Verified legal form, >=36 months history, dated net fee and AUM from issuer source. Notes: net = summary-prospectus total (no waiver line)."
IBIT,iShares Bitcoin Trust,iShares,ishares.com,spot-bitcoin-trust,Spot digital asset trusts,,unknown,,,,,66282577169,2026-10-09,https://www.ishares.com/us/products/333011/ishares-bitcoin-trust-etf,2024-01-05,yes,Too new,Under 36 months of history at 2026-09-30: first Tiingo date 2024-01-11 (32 months). Not ranked.
SCHG,Schwab US Large Cap Growth ETF,Schwab,schwabassetmanagement.com,ETF; verify current legal form,US broad market and styles,,unknown,,,,,,,,,no,Input missing,Missing verified issuer input: net_expense_ratio_pct (fee_designation=unknown); aum_usd. Not ranked; nothing imputed.
IAU,iShares Gold Trust,iShares,ishares.com,physical-metal-trust,Physical precious metals,,unknown,,,,,62429005034,2026-10-09,https://www.ishares.com/us/products/239561/ishares-gold-trust-fund,2005-01-21,yes,Input missing,Missing verified issuer input: net_expense_ratio_pct (fee_designation=unknown). Not ranked; nothing imputed.
VCSH,Vanguard Short Term Corporate Bond ETF,Vanguard,vanguard.com,ETF; verify current legal form,Fixed income and preferred securities,0.03,net,2026-06-30,https://fund-docs.vanguard.com/F3145.pdf,2026-06-30,,44947000000,2026-06-30,https://fund-docs.vanguard.com/F3145.pdf,2009-11-19,yes,Ranked,"Verified legal form, >=36 months history, dated net fee and AUM from issuer source. Notes: net = summary-prospectus total (no waiver line)."
BIL,State Street SPDR Bloomberg 1-3 Month T-Bill ETF,State Street,ssga.com,ETF; verify current legal form,Fixed income and preferred securities,,gross,,,,,50805680000,2026-10-08,https://www.ssga.com/us/en/intermediary/etfs/state-street-spdr-bloomberg-1-3-month-t-bill-etf-bil,2007-05-25,no,Input missing,Missing verified issuer input: net_expense_ratio_pct (fee_designation=gross). Not ranked; nothing imputed.
SOXX,iShares Semiconductor ETF,iShares,ishares.com,ETF; verify current legal form,Sector and thematic equities,,unknown,,,,,46568308442,2026-10-08,https://www.ishares.com/us/products/239705/fund,2001-07-10,no,Input missing,Missing verified issuer input: net_expense_ratio_pct (fee_designation=unknown). Not ranked; nothing imputed.
TLT,iShares 20 Plus Year Treasury Bond ETF,iShares,ishares.com,ETF; verify current legal form,Fixed income and preferred securities,,unknown,,,,,48382132781,2026-10-08,https://www.ishares.com/us/products/239454/ishares-20-year-treasury-bond-etf,2002-07-22,no,Input missing,Missing verified issuer input: net_expense_ratio_pct (fee_designation=unknown). Not ranked; nothing imputed.
JEPI,JPMorgan Equity Premium Income ETF,JPMorgan,am.jpmorgan.com,ETF; verify current legal form,Options income and distribution strategies,0.35,net,2026-08-31,https://am.jpmorgan.com/content/dam/jpm-am-aem/americas/us/en/literature/fact-sheet/etfs/fs-jepi.pdf,2026-08-31,,,,,2020-05-20,no,Input missing,Missing verified issuer input: aum_usd. Not ranked; nothing imputed.
JEPQ,JPMorgan Nasdaq Equity Premium Income ETF,JPMorgan,am.jpmorgan.com,ETF; verify current legal form,Options income and distribution strategies,0.35,net,2026-08-31,https://am.jpmorgan.com/content/dam/jpm-am-aem/americas/us/en/literature/fact-sheet/etfs/FS-JEPQ.PDF,2026-08-31,,,,,2022-05-03,no,Input missing,Missing verified issuer input: aum_usd. Not ranked; nothing imputed.
DIA,Dow Jones Industrial Average ETF,State Street,ssga.com,ETF trust,US broad market and styles,,gross,,,,,44405620000,2026-10-08,https://www.ssga.com/us/en/individual/etfs/state-street-spdr-dow-jones-industrial-average-etf-trust-dia,1998-01-14,yes,Input missing,Missing verified issuer input: net_expense_ratio_pct (fee_designation=gross). Not ranked; nothing imputed.
JPST,JPMorgan Ultra Short Income ETF,JPMorgan,am.jpmorgan.com,ETF; verify current legal form,Fixed income and preferred securities,0.18,net,2026-08-31,https://am.jpmorgan.com/content/dam/jpm-am-aem/americas/us/en/literature/fact-sheet/etfs/FS-JPST.PDF,2026-08-31,,,,,2017-05-17,no,Input missing,Missing verified issuer input: aum_usd. Not ranked; nothing imputed.
IEF,iShares 7-10 Year Treasury Bond ETF,iShares,ishares.com,ETF; verify current legal form,Fixed income and preferred securities,,unknown,,,,,41288924188,2026-10-08,https://www.ishares.com/us/products/239456/ishares-7-10-year-treasury-bond-etf,2002-07-22,no,Input missing,Missing verified issuer input: net_expense_ratio_pct (fee_designation=unknown). Not ranked; nothing imputed.
TQQQ,ProShares UltraPro QQQ ETF,ProShares,proshares.com,ETF; verify current legal form,Leveraged and inverse ETFs,,unknown,,,,"This fund has a fee waiver through September 30, 2026, without this fee waiver fees may have been higher.",39586025157,2026-10-10,https://www.proshares.com/our-etfs/leveraged-and-inverse/tqqq,2010-02-09,yes,Separate list,leveraged/inverse (daily reset); shown on its own list per plan Section 5. Fee/AUM collected for Vehicle display only. Notes: waiver ended before run date; net fee withdrawn; AUM date is fetch date (source undated).
MBB,iShares MBS ETF,iShares,ishares.com,ETF; verify current legal form,Fixed income and preferred securities,,unknown,,,,,35615285528,2026-10-09,https://www.ishares.com/us/products/239465/ishares-mbs-etf,2007-03-13,no,Input missing,Missing verified issuer input: net_expense_ratio_pct (fee_designation=unknown). Not ranked; nothing imputed.
MGK,Vanguard Mega Cap Growth ETF,Vanguard,vanguard.com,ETF; verify current legal form,US broad market and styles,0.05,net,2026-06-30,https://workplace.vanguard.com/iippdf/pdfs/FS3138R.pdf,2026-06-30,,33105000000,2026-06-30,https://workplace.vanguard.com/iippdf/pdfs/FS3138R.pdf,2007-12-17,yes,Ranked,"Verified legal form, >=36 months history, dated net fee and AUM from issuer source. Notes: net = summary-prospectus total (no waiver line)."
ACWI,iShares MSCI ACWI ETF,iShares,ishares.com,ETF; verify current legal form,International and global equities,,unknown,,,,,33254235558,2026-10-09,https://www.ishares.com/us/products/239600/ishares-msci-acwi-etf,2008-03-26,no,Input missing,Missing verified issuer input: net_expense_ratio_pct (fee_designation=unknown). Not ranked; nothing imputed.
AVUV,Avantis US Small Cap Value ETF,Avantis,avantisinvestors.com,ETF; verify current legal form,US broad market and styles,0.25,net,2026-01-01,https://www.avantisinvestors.com/avantis-investments/avantis-us-small-cap-value-etf/AVUV/,2026-01-01,,,,,,no,Input missing,Missing verified issuer input: aum_usd. Not ranked; nothing imputed.
SLV,iShares Silver Trust,iShares,ishares.com,physical-metal-trust,Physical precious metals,,unknown,,,,,29732025327,2026-10-09,https://www.ishares.com/us/products/239855/ishares-silver-trust-fund,2006-04-21,yes,Input missing,Missing verified issuer input: net_expense_ratio_pct (fee_designation=unknown). Not ranked; nothing imputed.
EWY,iShares MSCI South Korea ETF,iShares,ishares.com,ETF; verify current legal form,International and global equities,,unknown,,,,,25242559491,2026-10-08,https://www.ishares.com/us/products/239681/ishares-msci-south-korea-etf,2000-05-09,no,Input missing,Missing verified issuer input: net_expense_ratio_pct (fee_designation=unknown). Not ranked; nothing imputed.
VOOG,Vanguard S&P 500 Growth Index Fund ETF,Vanguard,vanguard.com,ETF; verify current legal form,US broad market and styles,0.07,net,2026-06-30,https://workplace.vanguard.com/assets/corp/fund_communications/pdf_publish/us-products/fact-sheet/F3341.pdf,2026-06-30,,26315000000,2026-06-30,https://workplace.vanguard.com/assets/corp/fund_communications/pdf_publish/us-products/fact-sheet/F3341.pdf,2010-09-07,yes,Ranked,"Verified legal form, >=36 months history, dated net fee and AUM from issuer source. Notes: net = summary-prospectus total (no waiver line)."
SHY,iShares 1 3 Year Treasury Bond ETF,iShares,ishares.com,ETF; verify current legal form,Fixed income and preferred securities,,unknown,,,,,26809448661,2026-10-08,https://www.ishares.com/us/products/239452/ishares-1-3-year-treasury-bond-etf,2002-07-22,no,Input missing,Missing verified issuer input: net_expense_ratio_pct (fee_designation=unknown). Not ranked; nothing imputed.
GDX,VanEck Gold Miners ETF,VanEck,vaneck.com,ETF; verify current legal form,Sector and thematic equities,,unknown,,,,,,,,,no,Input missing,Missing verified issuer input: net_expense_ratio_pct (fee_designation=unknown); aum_usd. Not ranked; nothing imputed.
SOXL,Direxion Daily Semiconductor Bull 3X Shares,Direxion,direxion.com,ETF; verify current legal form,Leveraged and inverse ETFs,,unknown,,,,,,,,,no,Separate list,leveraged/inverse (daily reset); shown on its own list per plan Section 5. Fee/AUM collected for Vehicle display only.
EWJ,iShares MSCI Japan ETF,iShares,ishares.com,ETF; verify current legal form,International and global equities,,unknown,,,,,23519416179,2026-10-08,https://www.ishares.com/us/products/239665/ishares-msci-japan-etf,1996-03-12,no,Input missing,Missing verified issuer input: net_expense_ratio_pct (fee_designation=unknown). Not ranked; nothing imputed.
SPMO,Invesco S&P 500 Momentum ETF,Invesco,invesco.com,ETF; verify current legal form,US broad market and styles,0.13,net,2026-10-10,https://www.invesco.com/us/en/solutions/invesco-etfs/smart-beta-investing.html,2026-10-10,,,,,2015-10-09,no,Input missing,Missing verified issuer input: aum_usd. Not ranked; nothing imputed. Notes: fee date is fetch date (source undated).
FCNCA,First Citizens BancShares Inc,First Citizens,ir.firstcitizens.com,operating-company-stock,Exclusions,,unknown,,,,,,,,,no,Excluded,Operating-company stock or closed-end fund (structure: operating-company-stock); outside ETF rankings per plan Section 5. Fee and AUM not collected.
VYMI,Vanguard International High Dividend Yield ETF,Vanguard,vanguard.com,ETF; verify current legal form,Dividend equities,0.07,net,2026-06-30,https://fund-docs.vanguard.com/F4430.pdf,2026-06-30,,19502000000,2026-06-30,https://fund-docs.vanguard.com/F4430.pdf,2016-02-25,yes,Ranked,"Verified legal form, >=36 months history, dated net fee and AUM from issuer source. Notes: net = summary-prospectus total (no waiver line)."
XLU,Utilities Select Sector SPDR Fund,State Street,ssga.com,ETF; verify current legal form,Sector and thematic equities,,gross,,,,,23785660000,2026-10-08,https://www.ssga.com/us/en/individual/etfs/state-street-utilities-select-sector-spdr-etf-xlu,1998-12-16,no,Input missing,Missing verified issuer input: net_expense_ratio_pct (fee_designation=gross). Not ranked; nothing imputed.
AVDV,Avantis International Small Cap Value ETF,Avantis,avantisinvestors.com,ETF; verify current legal form,International and global equities,0.36,net,2026-01-01,https://www.avantisinvestors.com/avantis-investments/avantis-international-small-cap-value-etf/trading-details/,2026-01-01,,,,,,no,Input missing,Missing verified issuer input: aum_usd. Not ranked; nothing imputed.
HYG,iShares iBoxx $ High Yield Corporate Bond ETF,iShares,ishares.com,ETF; verify current legal form,Fixed income and preferred securities,,unknown,,,,,17586057692,2026-10-09,https://www.ishares.com/us/products/239565/ishares-iboxx-usd-high-yield-corporate-bond-etf,2007-04-04,no,Input missing,Missing verified issuer input: net_expense_ratio_pct (fee_designation=unknown). Not ranked; nothing imputed.
CIBR,First Trust NASDAQ Cybersecurity ETF,First Trust,ftportfolios.com,ETF; verify current legal form,Sector and thematic equities,,unknown,,,,,18431244904,2026-10-08,https://www.ftportfolios.com/retail/etf/etfsummary.aspx?ticker=cibr,2015-07-06,yes,Input missing,Missing verified issuer input: net_expense_ratio_pct (fee_designation=unknown). Not ranked; nothing imputed.
USIG,iShares Broad USD Investment Grade Corporate Bond,iShares,ishares.com,ETF; verify current legal form,Fixed income and preferred securities,,unknown,,,,,17583903436,2026-10-08,https://www.ishares.com/us/products/239460/ishares-credit-bond-etf,2007-01-05,no,Input missing,Missing verified issuer input: net_expense_ratio_pct (fee_designation=unknown). Not ranked; nothing imputed.
IEI,iShares 3 7 Year Treasury Bond ETF,iShares,ishares.com,ETF; verify current legal form,Fixed income and preferred securities,,unknown,,,,,16885381847,2026-10-08,https://www.ishares.com/us/products/239455/ishares-3-7-year-treasury-bond-etf,2007-01-05,no,Input missing,Missing verified issuer input: net_expense_ratio_pct (fee_designation=unknown). Not ranked; nothing imputed.
QLD,ProShares Ultra QQQ ETF,ProShares,proshares.com,ETF; verify current legal form,Leveraged and inverse ETFs,0.95,net,2026-10-10,https://www.proshares.com/our-etfs/leveraged-and-inverse/qld,2026-10-10,"Expenses with Contractual Waiver through September 30, 2027.",15552761582,2026-10-10,https://www.proshares.com/our-etfs/leveraged-and-inverse/qld,2006-06-19,yes,Separate list,leveraged/inverse (daily reset); shown on its own list per plan Section 5. Fee/AUM collected for Vehicle display only. Notes: fee date is fetch date (source undated); AUM date is fetch date (source undated).
HDV,iShares Core High Dividend ETF,iShares,ishares.com,ETF; verify current legal form,Dividend equities,,unknown,,,,,14960606879,2026-10-08,https://www.ishares.com/us/products/239563/ishares-high-dividend-etf,2011-03-29,no,Input missing,Missing verified issuer input: net_expense_ratio_pct (fee_designation=unknown). Not ranked; nothing imputed.
TIP,iShares TIPS Bond ETF,iShares,ishares.com,ETF; verify current legal form,Fixed income and preferred securities,,unknown,,,,,14245384050,2026-10-08,https://www.ishares.com/us/products/239467/ishares-tips-bond-etf,2003-12-04,no,Input missing,Missing verified issuer input: net_expense_ratio_pct (fee_designation=unknown). Not ranked; nothing imputed.
TEM,Tempus AI,Tempus,investors.tempus.com,operating-company-stock,Exclusions,,unknown,,,,,,,,,no,Excluded,Operating-company stock or closed-end fund (structure: operating-company-stock); outside ETF rankings per plan Section 5. Fee and AUM not collected.
XLP,Consumer Staples Select Sector SPDR Fund,State Street,ssga.com,ETF; verify current legal form,Sector and thematic equities,,gross,,,,,13917550000,2026-10-08,https://www.ssga.com/us/en/intermediary/etfs/state-street-consumer-staples-select-sector-spdr-etf-xlp,1998-12-16,no,Input missing,Missing verified issuer input: net_expense_ratio_pct (fee_designation=gross). Not ranked; nothing imputed.
EWT,iShares MSCI Taiwan ETF,iShares,ishares.com,ETF; verify current legal form,International and global equities,,unknown,,,,,12444246853,2026-10-08,https://www.ishares.com/us/products/239686/ishares-msci-taiwan-etf,2000-06-20,no,Input missing,Missing verified issuer input: net_expense_ratio_pct (fee_designation=unknown). Not ranked; nothing imputed.
EMB,iShares JPMorgan USD Emerging Markets Bond ETF,iShares,ishares.com,ETF; verify current legal form,Fixed income and preferred securities,,unknown,,,,,12893705039,2026-10-09,https://www.ishares.com/us/products/239572/ishares-jp-morgan-usd-emerging-markets-bond-etf,2007-12-17,no,Input missing,Missing verified issuer input: net_expense_ratio_pct (fee_designation=unknown). Not ranked; nothing imputed.
SPYI,NEOS S&P 500 High Income ETF,NEOS,neosfunds.com,ETF; verify current legal form,Options income and distribution strategies,,unknown,,,,,12458490445,2026-10-08,https://neosfunds.com/spyi/,2022-08-29,no,Input missing,Missing verified issuer input: net_expense_ratio_pct (fee_designation=unknown). Not ranked; nothing imputed.
GRID,First Trust NASDAQ Smart Grid ETF,First Trust,ftportfolios.com,ETF; verify current legal form,Sector and thematic equities,0.56,net,2026-02-02,https://www.ftportfolios.com/Retail/Etf/Etfsummary.aspx?Ticker=GRID,2026-02-02,"Expenses are capped contractually at 0.70% per year, at least through January 31, 2027.",12019689009,2026-10-08,https://www.ftportfolios.com/Retail/Etf/Etfsummary.aspx?Ticker=GRID,2009-11-16,yes,Ranked,"Verified legal form, >=36 months history, dated net fee and AUM from issuer source."
ITA,iShares US Aerospace & Defense ETF,iShares,ishares.com,ETF; verify current legal form,Sector and thematic equities,,unknown,,,,,11916730340,2026-10-08,https://www.ishares.com/us/products/239502/ishares-us-aerospace-defense-etf,2006-05-01,no,Input missing,Missing verified issuer input: net_expense_ratio_pct (fee_designation=unknown). Not ranked; nothing imputed.
FLOT,VanEck Australian Floating Rate ETF,iShares,ishares.com,ETF; verify current legal form,Fixed income and preferred securities,,unknown,,,,,11321272352,2026-10-09,https://www.ishares.com/us/products/239534/ishares-floating-rate-bond-etf,2011-06-14,no,Input missing,Missing verified issuer input: net_expense_ratio_pct (fee_designation=unknown). Not ranked; nothing imputed.
TLH,iShares 10 20 Year Treasury Bond ETF,iShares,ishares.com,ETF; verify current legal form,Fixed income and preferred securities,,unknown,,,,,11312553960,2026-10-08,https://www.ishares.com/us/products/239453/ishares-10-20-year-treasury-bond-etf,2007-01-05,no,Input missing,Missing verified issuer input: net_expense_ratio_pct (fee_designation=unknown). Not ranked; nothing imputed.
AIQ,Global X Artificial Intelligence & Technology ETF,Global X,globalxetfs.com,ETF; verify current legal form,Sector and thematic equities,0.68,net,2026-04-01,https://assets.globalxetfs.com/funds/documents/aiq/prospectus-regulatory/Summary-Prospectus.pdf,2026-04-01,,10510000000,2026-10-08,https://www.globalxetfs.com/funds/aiq,2018-05-11,no,Ranked,"Verified legal form, >=36 months history, dated net fee and AUM from issuer source."
VUSB,Vanguard Ultra Short Bond ETF,Vanguard,vanguard.com,ETF; verify current legal form,Fixed income and preferred securities,0.1,net,2026-06-30,https://workplace.vanguard.com/assets/corp/fund_communications/pdf_publish/us-products/fact-sheet/F0931.pdf,2026-06-30,,8941000000,2026-06-30,https://workplace.vanguard.com/assets/corp/fund_communications/pdf_publish/us-products/fact-sheet/F0931.pdf,2021-04-05,yes,Ranked,"Verified legal form, >=36 months history, dated net fee and AUM from issuer source. Notes: net = summary-prospectus total (no waiver line)."
XBI,State Street SPDR S&P Biotech ETF,State Street,ssga.com,ETF; verify current legal form,Sector and thematic equities,,gross,,,,,9873910000,2026-10-08,https://www.ssga.com/us/en/individual/etfs/state-street-spdr-sp-biotech-etf-xbi,2006-01-31,no,Input missing,Missing verified issuer input: net_expense_ratio_pct (fee_designation=gross). Not ranked; nothing imputed.
IXN,iShares Global Tech ETF,iShares,ishares.com,ETF; verify current legal form,Sector and thematic equities,,unknown,,,,,9824269811,2026-10-08,https://www.ishares.com/us/products/239750/ishares-global-tech-etf?qt=EEMS,2001-11-12,no,Input missing,Missing verified issuer input: net_expense_ratio_pct (fee_designation=unknown). Not ranked; nothing imputed.
EWZ,Ishares Msci Brazil ETF,iShares,ishares.com,ETF; verify current legal form,International and global equities,,unknown,,,,,11824501529,2026-10-08,https://www.ishares.com/us/products/239612/ishares-msci-brazil-capped-etf,2000-07-10,no,Input missing,Missing verified issuer input: net_expense_ratio_pct (fee_designation=unknown). Not ranked; nothing imputed.
QYLD,Global X NASDAQ 100 Covered Call ETF,Global X,globalxetfs.com,ETF; verify current legal form,Options income and distribution strategies,0.6,net,2025-03-01,https://assets.globalxetfs.com/dev/documents/qyld/prospectus-regulatory/Summary-Prospectus.pdf,2025-03-01,,8490000000,2026-10-08,https://www.globalxetfs.com/funds/qyld,2013-12-11,yes,Ranked,"Verified legal form, >=36 months history, dated net fee and AUM from issuer source."
GDXJ,VanEck Junior Gold Miners,VanEck,vaneck.com,ETF; verify current legal form,Sector and thematic equities,,unknown,,,,,,,,,no,Input missing,Missing verified issuer input: net_expense_ratio_pct (fee_designation=unknown); aum_usd. Not ranked; nothing imputed.
PDBC,Invesco Optimum Yld Dvsfd Cmd Str No K 1 ETF,Invesco,invesco.com,ETF; verify current legal form,Commodity futures,,unknown,,,,"Adviser has contractually agreed to waive fees and/or pay certain Fund expenses through at least Aug. 31, 2026 (that date has passed as of 2026-10-10; extension not verified)",,,,,no,Input missing,Missing verified issuer input: net_expense_ratio_pct (fee_designation=unknown); aum_usd. Not ranked; nothing imputed. Notes: waiver ended before run date; net fee withdrawn.
XLB,Materials Select Sector SPDR Fund,State Street,ssga.com,ETF; verify current legal form,Sector and thematic equities,,gross,,,,,7786800000,2026-10-08,https://www.ssga.com/us/en/individual/etfs/state-street-materials-select-sector-spdr-etf-xlb,1998-12-16,no,Input missing,Missing verified issuer input: net_expense_ratio_pct (fee_designation=gross). Not ranked; nothing imputed.
XLRE,State Street Real Estate Select Sector SPDR ETF,State Street,ssga.com,ETF; verify current legal form,Real estate and infrastructure equities,,gross,,,,,7661120000,2026-10-08,https://www.ssga.com/us/en/individual/etfs/state-street-real-estate-select-sector-spdr-etf-xlre,2015-10-07,no,Input missing,Missing verified issuer input: net_expense_ratio_pct (fee_designation=gross). Not ranked; nothing imputed.
COPX,Global X Copper Miners ETF,Global X,globalxetfs.com,ETF; verify current legal form,Sector and thematic equities,0.65,net,2025-03-01,https://assets.globalxetfs.com/dev/documents/copx/prospectus-regulatory/Summary-Prospectus.pdf,2025-03-01,,7100000000,2026-10-08,https://www.globalxetfs.com/funds/copx/,2010-04-19,yes,Ranked,"Verified legal form, >=36 months history, dated net fee and AUM from issuer source."
SGOL,ABRDN Physical Gold Shares ETF,Aberdeen,aberdeeninvestments.com,physical-metal-trust,Physical precious metals,,unknown,,,,,7180000000,2026-10-09,https://www.aberdeeninvestments.com/en-us/investor/funds/view-all-funds/abrdn-physical-gold-shares-etf-us00326a1043?subTab=keyInformationTab,,no,Legal form unverified,Legal form not confirmed from issuer source (catalogue structure: physical-metal-trust). Not ranked until checked. Notes: AUM rounded as displayed in a dated fund-level figure.
EWC,iShares MSCI Canada (TSX),iShares,ishares.com,ETF; verify current legal form,International and global equities,,unknown,,,,,7033714241,2026-10-08,https://www.ishares.com/us/products/239615/EWC,1996-03-12,no,Input missing,Missing verified issuer input: net_expense_ratio_pct (fee_designation=unknown). Not ranked; nothing imputed.
SPXL,Direxion Daily S&P 500 Bull 3X Shares,Direxion,direxion.com,ETF; verify current legal form,Leveraged and inverse ETFs,,unknown,,,,,,,,,no,Separate list,leveraged/inverse (daily reset); shown on its own list per plan Section 5. Fee/AUM collected for Vehicle display only.
SPLV,Invesco S&P 500 Low Volatility ETF,Invesco,invesco.com,ETF; verify current legal form,US broad market and styles,0.25,net,2026-10-10,https://www.invesco.com/us/en/solutions/invesco-etfs/smart-beta-investing.html,2026-10-10,,,,,2011-05-05,no,Input missing,Missing verified issuer input: aum_usd. Not ranked; nothing imputed. Notes: fee date is fetch date (source undated).
SHLD,Global X Defense Tech ETF,Global X,globalxetfs.com,ETF; verify current legal form,Sector and thematic equities,0.5,net,2026-04-01,https://assets.globalxetfs.com/funds/documents/shld/prospectus-regulatory/Summary-Prospectus.pdf,2026-04-01,,6290000000,2026-10-08,https://www.globalxetfs.com/funds/shld,2023-09-11,yes,Ranked,"Verified legal form, >=36 months history, dated net fee and AUM from issuer source."
JNK,State Street SPDR Bloomberg High Yield Bond ETF,State Street,ssga.com,ETF; verify current legal form,Fixed income and preferred securities,,gross,,,,,5839230000,2026-10-08,https://www.ssga.com/us/en/individual/etfs/state-street-spdr-bloomberg-high-yield-bond-etf-jnk,2007-11-28,no,Input missing,Missing verified issuer input: net_expense_ratio_pct (fee_designation=gross). Not ranked; nothing imputed.
MCHI,iShares MSCI China ETF,iShares,ishares.com,ETF; verify current legal form,International and global equities,,unknown,,,,,5895475954,2026-10-08,https://www.ishares.com/us/products/239619/ishares-china-largecap-etf,2011-03-29,no,Input missing,Missing verified issuer input: net_expense_ratio_pct (fee_designation=unknown). Not ranked; nothing imputed.
INDA,iShares MSCI India ETF,iShares,ishares.com,ETF; verify current legal form,International and global equities,,unknown,,,,,5640129171,2026-10-08,https://www.ishares.com/us/products/239659/ishares-msci-india-etf?periodCd=m,2012-02-02,no,Input missing,Missing verified issuer input: net_expense_ratio_pct (fee_designation=unknown). Not ranked; nothing imputed.
MAGS,Roundhill Magnificent Seven ETF,Roundhill,roundhillinvestments.com,ETF; verify current legal form,Sector and thematic equities,,gross,,,,,5557100000,2026-09-30,https://www.roundhillinvestments.com/assets/pdfs/mags_factsheet.pdf,2023-04-11,yes,Input missing,Missing verified issuer input: net_expense_ratio_pct (fee_designation=gross). Not ranked; nothing imputed.
ARKK,ARK Innovation ETF,ARK,ark-funds.com,ETF; verify current legal form,Sector and thematic equities,,unknown,,,,,8270000000,2025-09-30,https://etfs.ark-funds.com/hubfs/1_Download_Files_ETF_Website/Fact_Sheets/ARKK_Factssheet.pdf,2014-10-31,yes,Input missing,Missing verified issuer input: net_expense_ratio_pct (fee_designation=unknown). Not ranked; nothing imputed.
URA,Global X Uranium ETF,Global X,globalxetfs.com,ETF; verify current legal form,Sector and thematic equities,0.69,net,2025-03-01,https://assets.globalxetfs.com/dev/documents/ura/prospectus-regulatory/Summary-Prospectus.pdf,2025-03-01,,5480000000,2026-10-08,https://www.globalxetfs.com/funds/Ura,2010-11-04,yes,Ranked,"Verified legal form, >=36 months history, dated net fee and AUM from issuer source."
UPRO,ProShares UltraPro S&P500,ProShares,proshares.com,ETF; verify current legal form,Leveraged and inverse ETFs,0.89,net,2026-10-10,https://www.proshares.com/our-etfs/leveraged-and-inverse/UPRO,2026-10-10,"Expenses with Contractual Waiver through September 30, 2027. Without the fee waiver performance would likely be lower.",5667579278,2026-10-10,https://www.proshares.com/our-etfs/leveraged-and-inverse/UPRO,2009-06-23,yes,Separate list,leveraged/inverse (daily reset); shown on its own list per plan Section 5. Fee/AUM collected for Vehicle display only. Notes: fee date is fetch date (source undated); AUM date is fetch date (source undated).
EMLC,VanEck JP Morgan EM Local Currency Bond ETF,VanEck,vaneck.com,ETF; verify current legal form,Fixed income and preferred securities,,unknown,,,,,,,,,no,Input missing,Missing verified issuer input: net_expense_ratio_pct (fee_designation=unknown); aum_usd. Not ranked; nothing imputed.
SJNK,State Street SPDR Bloomberg Shrt Trm Hg Yld Bd ETF,State Street,ssga.com,ETF; verify current legal form,Fixed income and preferred securities,,gross,,,,,4377220000,2026-10-08,https://www.ssga.com/us/en/individual/etfs/state-street-spdr-bloomberg-short-term-high-yield-bond-etf-sjnk,2012-03-14,no,Input missing,Missing verified issuer input: net_expense_ratio_pct (fee_designation=gross). Not ranked; nothing imputed.
KWEB,KraneShares CSI China Internet ETF,KraneShares,kraneshares.com,ETF; verify current legal form,Sector and thematic equities,,unknown,,,,,4369369784,2026-10-08,https://kraneshares.com/etf/kweb/,2013-07-31,no,Input missing,Missing verified issuer input: net_expense_ratio_pct (fee_designation=unknown). Not ranked; nothing imputed.
QTEC,First Trust NASDAQ 100 Technology Index Fund,First Trust,ftportfolios.com,ETF; verify current legal form,Sector and thematic equities,0.55,net,2026-05-01,https://www.ftportfolios.com/retail/etf/etfsummary.aspx?ticker=qtec,2026-05-01,"Expenses are capped contractually at 0.60% per year, at least through April 30, 2027.",4015456018,2026-10-08,https://www.ftportfolios.com/retail/etf/etfsummary.aspx?ticker=qtec,2006-04-19,no,Ranked,"Verified legal form, >=36 months history, dated net fee and AUM from issuer source."
AOR,iShares Core Growth Allocation ETF,iShares,ishares.com,ETF; verify current legal form,Multi-asset allocation,0.15,net,2026-10-10,https://www.ishares.com/us/products/239756/ishares-growth-allocation-etf,2026-10-10,,3961307230,2026-10-09,https://www.ishares.com/us/products/239756/ishares-growth-allocation-etf,2008-11-04,no,Ranked,"Verified legal form, >=36 months history, dated net fee and AUM from issuer source. Notes: fee date is fetch date (source undated)."
FXI,iShares China Large-Cap ETF,iShares,ishares.com,ETF; verify current legal form,International and global equities,,unknown,,,,,3950143665,2026-10-09,https://www.ishares.com/us/products/overview-v3-ishares-fund-data?portfolioId=239536&seoSlug=ishares-china-largecap-etf,2004-10-05,no,Input missing,Missing verified issuer input: net_expense_ratio_pct (fee_designation=unknown). Not ranked; nothing imputed.
NVDL,GraniteShares 2x Long NVDA Daily ETF,GraniteShares,graniteshares.com,ETF; verify current legal form,Leveraged and inverse ETFs,,unknown,,,,,,,,2022-12-13,no,Separate list,leveraged/inverse (daily reset); shown on its own list per plan Section 5. Fee/AUM collected for Vehicle display only.
VNQI,Vanguard Global ex-US Real Estate Index Fd ETF,Vanguard,vanguard.com,ETF; verify current legal form,Real estate and infrastructure equities,0.12,net,2026-06-30,https://fund-docs.vanguard.com/F3358.pdf,2026-06-30,,3421000000,2026-06-30,https://fund-docs.vanguard.com/F3358.pdf,2010-11-01,yes,Ranked,"Verified legal form, >=36 months history, dated net fee and AUM from issuer source. Notes: net = summary-prospectus total (no waiver line)."
TSLL,Direxion Daily TSLA Bull 2X Shares,Direxion,direxion.com,ETF; verify current legal form,Leveraged and inverse ETFs,,unknown,,,,,,,,,no,Separate list,leveraged/inverse (daily reset); shown on its own list per plan Section 5. Fee/AUM collected for Vehicle display only.
EWU,iShares MSCI United Kingdom (FTSE),iShares,ishares.com,ETF; verify current legal form,International and global equities,,unknown,,,,,3641639480,2026-10-08,https://www.ishares.com/us/products/239690/ishares-msci-united-kingdom-etf,1996-03-12,no,Input missing,Missing verified issuer input: net_expense_ratio_pct (fee_designation=unknown). Not ranked; nothing imputed.
PGX,Invesco Preferred ETF,Invesco,invesco.com,ETF; verify current legal form,Fixed income and preferred securities,,unknown,,,,,,,,,no,Input missing,Missing verified issuer input: net_expense_ratio_pct (fee_designation=unknown); aum_usd. Not ranked; nothing imputed.
NLR,VanEck Uranium & Nuclear ETF,VanEck,vaneck.com,ETF; verify current legal form,Sector and thematic equities,,unknown,,,,,,,,,no,Input missing,Missing verified issuer input: net_expense_ratio_pct (fee_designation=unknown); aum_usd. Not ranked; nothing imputed.
SKYY,First Trust Cloud Computing ETF,First Trust,ftportfolios.com,ETF; verify current legal form,Sector and thematic equities,,unknown,,,,,3461747878,2026-10-08,https://www.ftportfolios.com/Retail/etf/etfsummary.aspx?Ticker=SKYY,2011-07-05,yes,Input missing,Missing verified issuer input: net_expense_ratio_pct (fee_designation=unknown). Not ranked; nothing imputed.
HACK,Amplify Cybersecurity ETF,Amplify,amplifyetfs.com,ETF; verify current legal form,Sector and thematic equities,,unknown,,,,,3504056722,2026-10-08,https://amplifyetfs.com/HACK/,2014-11-10,no,Input missing,Missing verified issuer input: net_expense_ratio_pct (fee_designation=unknown). Not ranked; nothing imputed.
BOTZ,Global X Robotics and Artificial Intelligence ETF,Global X,globalxetfs.com,ETF; verify current legal form,Sector and thematic equities,0.68,net,2025-04-01,https://assets.globalxetfs.com/dev/documents/botz/prospectus-regulatory/Summary-Prospectus.pdf,2025-04-01,,3310000000,2026-10-08,https://www.globalxetfs.com/funds/botz/,2016-09-12,yes,Ranked,"Verified legal form, >=36 months history, dated net fee and AUM from issuer source."
SPUS,SP Funds S&P 500 Sharia Industry Exclusions ETF,SP Funds,sp-funds.com,ETF; verify current legal form,US broad market and styles,,unknown,,,,,3354270000,2026-10-10,,2019-12-17,yes,Input missing,Missing verified issuer input: net_expense_ratio_pct (fee_designation=unknown). Not ranked; nothing imputed. Notes: AUM date is fetch date (source undated).
SPHD,Invesco S&P 500 High Div Low Volatility ETF,Invesco,invesco.com,ETF; verify current legal form,Dividend equities,0.3,net,2026-10-10,https://www.invesco.com/us/en/solutions/invesco-etfs/smart-beta-investing.html,2026-10-10,,,,,2012-10-18,no,Input missing,Missing verified issuer input: aum_usd. Not ranked; nothing imputed. Notes: fee date is fetch date (source undated).
USD,ProShares Ultra Semiconductors,ProShares,proshares.com,ETF; verify current legal form,Leveraged and inverse ETFs,0.95,net,2026-10-10,https://www.proshares.com/our-etfs/leveraged-and-inverse/usd,2026-10-10,"Expenses with Contractual Waiver through September 30, 2027. Without the fee waiver performance would likely be lower.",2905683792,2026-10-10,https://www.proshares.com/our-etfs/leveraged-and-inverse/usd,2007-01-30,yes,Separate list,leveraged/inverse (daily reset); shown on its own list per plan Section 5. Fee/AUM collected for Vehicle display only. Notes: fee date is fetch date (source undated); AUM date is fetch date (source undated).
FLRN,State Street SPDR Bloomberg Invstmt Gr Fltg Rt ETF,State Street,ssga.com,ETF; verify current legal form,Fixed income and preferred securities,,gross,,,,,3052400000,2026-10-08,https://www.ssga.com/us/en/institutional/etfs/state-street-spdr-bloomberg-investment-grade-floating-rate-etf-flrn,2011-11-30,no,Input missing,Missing verified issuer input: net_expense_ratio_pct (fee_designation=gross). Not ranked; nothing imputed.
FNGU,MicroSectors FANG and Innovation 3X Leveraged ETN,MicroSectors / BMO,microsectors.com,ETN,ETNs — separate from ETFs,,unknown,,,,,,,,2018-01-22,yes,Separate list,ETN; shown on its own list per plan Section 5. Fee/AUM collected for Vehicle display only.
AAAU,Goldman Sachs Physical Gold ETF,Goldman,am.gs.com,physical-metal-trust,Physical precious metals,,unknown,,,,,2684100000,2026-09-30,https://am.gs.com/public-assets/documents/562374a8-24d6-11ef-870d-cd3a62c33790,2018-07-26,yes,Input missing,Missing verified issuer input: net_expense_ratio_pct (fee_designation=unknown). Not ranked; nothing imputed.
EWP,Ishares Msci Spain ETF,iShares,ishares.com,ETF; verify current legal form,International and global equities,,unknown,,,,,2293664111,2026-10-08,https://www.ishares.com/us/products/239683/ishares-core-dividend-growth-etf,1996-03-12,no,Input missing,Missing verified issuer input: net_expense_ratio_pct (fee_designation=unknown). Not ranked; nothing imputed.
ICLN,iShares Global Clean Energy ETF,iShares,ishares.com,ETF; verify current legal form,Sector and thematic equities,,unknown,,,,,2216867317,2026-10-08,https://www.ishares.com/us/products/239738/ishares-global-clean-energy-etf,2008-06-24,no,Input missing,Missing verified issuer input: net_expense_ratio_pct (fee_designation=unknown). Not ranked; nothing imputed.
BUG,Global X Cybersecurity,Global X,globalxetfs.com,ETF; verify current legal form,Sector and thematic equities,0.5,net,2026-04-01,https://assets.globalxetfs.com/funds/documents/bug/prospectus-regulatory/Summary-Prospectus.pdf,2026-04-01,,2200000000,2026-10-08,https://www.globalxetfs.com/funds/BUG,2019-10-25,yes,Ranked,"Verified legal form, >=36 months history, dated net fee and AUM from issuer source."
PPLT,Abrdn Physical Platinum Shares ETF,Aberdeen,aberdeeninvestments.com,physical-metal-trust,Physical precious metals,,unknown,,,,,2000000000,2026-10-09,https://www.aberdeeninvestments.com/en-us/investor/funds/view-all-funds/-us0032601066,,no,Legal form unverified,Legal form not confirmed from issuer source (catalogue structure: physical-metal-trust). Not ranked until checked. Notes: AUM rounded as displayed in a dated fund-level figure.
TMF,Direxion Daily 20 Year Treasury Bull 3X Shares,Direxion,direxion.com,ETF; verify current legal form,Leveraged and inverse ETFs,,unknown,,,,,,,,,no,Separate list,leveraged/inverse (daily reset); shown on its own list per plan Section 5. Fee/AUM collected for Vehicle display only.
ROBO,Global X Robo Global Robotics & Automation ETF,ROBO Global / Exchange Traded Concepts,roboglobaletfs.com,ETF; verify current legal form,Sector and thematic equities,,unknown,,,,,,,,,no,Input missing,Missing verified issuer input: net_expense_ratio_pct (fee_designation=unknown); aum_usd. Not ranked; nothing imputed.
DTCR,Global X Data Center & Digital Infra ETF,Global X,globalxetfs.com,ETF; verify current legal form,Real estate and infrastructure equities,0.5,net,2026-04-01,https://assets.globalxetfs.com/funds/documents/dtcr/prospectus-regulatory/Summary-Prospectus.pdf,2026-04-01,,2040000000,2026-10-08,https://www.globalxetfs.com/funds/dtcr/,2020-10-27,yes,Ranked,"Verified legal form, >=36 months history, dated net fee and AUM from issuer source."
SQQQ,ProShares UltraPro Short QQQ ETF,ProShares,proshares.com,ETF; verify current legal form,Leveraged and inverse ETFs,0.95,net,2026-10-10,https://www.proshares.com/our-etfs/leveraged-and-inverse/sqqq,2026-10-10,"Expenses with Contractual Waiver through September 30, 2027.",2079661235,2026-10-10,https://www.proshares.com/our-etfs/leveraged-and-inverse/sqqq,2010-02-09,yes,Separate list,leveraged/inverse (daily reset); shown on its own list per plan Section 5. Fee/AUM collected for Vehicle display only. Notes: fee date is fetch date (source undated); AUM date is fetch date (source undated).
DBC,Invesco DB Commodity Index Tracking Fund,Invesco,invesco.com,commodity-pool/trust; verify exact legal form,Commodity futures,0.84,net,2026-10-10,https://www.invesco.com/us/en/solutions/invesco-etfs/commodity-investing.html,2026-10-10,,,,,,no,Legal form unverified,Legal form not confirmed from issuer source (catalogue structure: commodity-pool/trust; verify exact legal form). Not ranked until checked. Notes: fee date is fetch date (source undated).
FLKR,Franklin FTSE South Korea ETF,Franklin,franklintempleton.com,ETF; verify current legal form,International and global equities,,unknown,,,,,1790000000,2026-10-10,https://www.franklintempleton.com/forms-literature/download/FLKR-FF,2017-11-02,no,Input missing,Missing verified issuer input: net_expense_ratio_pct (fee_designation=unknown). Not ranked; nothing imputed. Notes: AUM date is fetch date (source undated).
ARKQ,ARK Autonomous Technology & Robotics ETF,ARK,ark-funds.com,ETF; verify current legal form,Sector and thematic equities,,unknown,,,,,1530000000,2025-09-30,https://etfs.ark-funds.com/hubfs/1_Download_Files_ETF_Website/Fact_Sheets/ARKQ_Factssheet.pdf,2014-09-30,yes,Input missing,Missing verified issuer input: net_expense_ratio_pct (fee_designation=unknown). Not ranked; nothing imputed.
URNM,Sprott Uranium Miners ETF,Sprott,sprottetfs.com,ETF; verify current legal form,Sector and thematic equities,,unknown,,,,,,,,,no,Input missing,Missing verified issuer input: net_expense_ratio_pct (fee_designation=unknown); aum_usd. Not ranked; nothing imputed.
REMX,VanEck Rare Earth/Strategic Metals,VanEck,vaneck.com,ETF; verify current legal form,Sector and thematic equities,0.53,net,2026-09-30,https://www.vaneck.com/us/en/investments/rare-earth-strategic-metals-etf-remx-fact-sheet.pdf,2026-09-30,"Contractual expense cap 0.57% (excl. acquired fund fees, interest, trading, taxes, extraordinary expenses) until May 1, 2027. Fee Waivers and Expense Reimbursement shown as '--', so no waiver applied; net equals gross 0.53%.",1833280000,2026-09-30,https://www.vaneck.com/us/en/investments/rare-earth-strategic-metals-etf-remx-fact-sheet.pdf,2010-10-27,no,Ranked,"Verified legal form, >=36 months history, dated net fee and AUM from issuer source."
SOXS,Direxion Daily Semiconductor Bear 3X Shares,Direxion,direxion.com,ETF; verify current legal form,Leveraged and inverse ETFs,,unknown,,,,,,,,,no,Separate list,leveraged/inverse (daily reset); shown on its own list per plan Section 5. Fee/AUM collected for Vehicle display only.
BITO,ProShares Bitcoin ETF,ProShares,proshares.com,ETF; verify current legal form,Digital asset futures,,unknown,,,,,1665757651,2026-10-10,https://www.proshares.com/our-etfs/strategic/bito,2021-10-18,yes,Input missing,Missing verified issuer input: net_expense_ratio_pct (fee_designation=unknown). Not ranked; nothing imputed. Notes: AUM date is fetch date (source undated).
USO,United States Oil ETF,United States,uscfinvestments.com,commodity-pool/trust; verify exact legal form,Commodity futures,,unknown,,,,,,,,2006-04-10,yes,Input missing,Missing verified issuer input: net_expense_ratio_pct (fee_designation=unknown); aum_usd. Not ranked; nothing imputed.
ARKW,ARK Next Generation Internet ETF,ARK,ark-funds.com,ETF; verify current legal form,Sector and thematic equities,,unknown,,,,,2560000000,2025-09-30,https://etfs.ark-funds.com/hubfs/1_Download_Files_ETF_Website/Fact_Sheets/ARKW_Factssheet.pdf,2014-09-30,yes,Input missing,Missing verified issuer input: net_expense_ratio_pct (fee_designation=unknown). Not ranked; nothing imputed.
ARKG,ARK Genomic Revolution ETF,ARK,ark-funds.com,ETF; verify current legal form,Sector and thematic equities,,unknown,,,,,1090000000,2025-09-30,https://etfs.ark-funds.com/hubfs/1_Download_Files_ETF_Website/Fact_Sheets/ARKG_Factssheet.pdf,2014-10-31,yes,Input missing,Missing verified issuer input: net_expense_ratio_pct (fee_designation=unknown). Not ranked; nothing imputed.
EWS,iShares MSCI Singapore ETF,iShares,ishares.com,ETF; verify current legal form,International and global equities,,unknown,,,,,1465163118,2026-10-08,https://www.ishares.com/us/products/239678/ishares-core-aggressive-allocation-etf,1996-03-12,no,Input missing,Missing verified issuer input: net_expense_ratio_pct (fee_designation=unknown). Not ranked; nothing imputed.
EWG,iShares MSCI Germany (DAX),iShares,ishares.com,ETF; verify current legal form,International and global equities,,unknown,,,,,1399494280,2026-10-09,https://www.ishares.com/us/products/239650/EWG,1996-03-12,no,Input missing,Missing verified issuer input: net_expense_ratio_pct (fee_designation=unknown). Not ranked; nothing imputed.
QQQE,Direxion NASDAQ 100 Equal Weighted Index Shares,Direxion,direxion.com,ETF; verify current legal form,US broad market and styles,,unknown,,,,,,,,,no,Input missing,Missing verified issuer input: net_expense_ratio_pct (fee_designation=unknown); aum_usd. Not ranked; nothing imputed.
LIT,Global X Lithium & Battery Tech ETF,Global X,globalxetfs.com,ETF; verify current legal form,Sector and thematic equities,0.75,net,2025-03-01,https://assets.globalxetfs.com/dev/documents/lit/prospectus-regulatory/Summary-Prospectus.pdf,2025-03-01,,1450000000,2026-10-08,https://www.globalxetfs.com/funds/lit/,2010-07-22,yes,Ranked,"Verified legal form, >=36 months history, dated net fee and AUM from issuer source."
XHB,State Street SPDR S&P Homebuilders ETF,State Street,ssga.com,ETF; verify current legal form,Sector and thematic equities,,gross,,,,,1482880000,2026-10-08,https://www.ssga.com/us/en/intermediary/etfs/state-street-spdr-sp-homebuilders-etf-xhb,2006-01-31,no,Input missing,Missing verified issuer input: net_expense_ratio_pct (fee_designation=gross). Not ranked; nothing imputed.
NVDY,YieldMax NVDA Option Income Strategy ETF,YieldMax,yieldmaxetfs.com,ETF; verify current legal form,Options income and distribution strategies,,gross,,,,,1410000000,2026-10-10,,2023-05-10,yes,Input missing,Missing verified issuer input: net_expense_ratio_pct (fee_designation=gross). Not ranked; nothing imputed. Notes: AUM date is fetch date (source undated).
DBA,Invesco DB Agriculture Fund,Invesco,invesco.com,commodity-pool/trust; verify exact legal form,Commodity futures,0.88,net,2026-10-10,https://www.invesco.com/us/en/solutions/invesco-etfs/commodity-investing.html,2026-10-10,,,,https://www.invesco.com/us-rest/contentdetail?contentId=129dcf78-905a-4382-9dcc-546985475aa3&dnsName=us,,yes,Input missing,Missing verified issuer input: aum_usd. Not ranked; nothing imputed. Notes: fee date is fetch date (source undated); AUM dated 2022-03-31 is older than 12 months; withdrawn.
IGOV,iShares International Treasury Bond ETF,iShares,ishares.com,ETF; verify current legal form,Fixed income and preferred securities,,unknown,,,,,1316124742,2026-10-09,https://www.ishares.com/us/products/239830/ishares-international-treasury-bond-etf,2009-01-21,no,Input missing,Missing verified issuer input: net_expense_ratio_pct (fee_designation=unknown). Not ranked; nothing imputed.
AGQ,ProShares Ultra Silver ETF,ProShares,proshares.com,commodity-pool/trust; verify exact legal form,Leveraged and inverse ETFs,,unknown,,,,,1281174688,2026-10-10,https://www.proshares.com/our-etfs/leveraged-and-inverse/agq,2008-12-01,yes,Separate list,leveraged/inverse (daily reset); shown on its own list per plan Section 5. Fee/AUM collected for Vehicle display only. Notes: AUM date is fetch date (source undated).
EWA,iShares MSCI Australia ETF,iShares,ishares.com,ETF; verify current legal form,International and global equities,,unknown,,,,,1180483847,2026-10-08,https://www.ishares.com/us/products/239607/ishares-msci-australia-etf,1996-03-12,no,Input missing,Missing verified issuer input: net_expense_ratio_pct (fee_designation=unknown). Not ranked; nothing imputed.
EWI,Ishares Msci Italy ETF,iShares,ishares.com,ETF; verify current legal form,International and global equities,,unknown,,,,,1137375651,2026-10-09,https://www.ishares.com/us/products/239664/EI,1996-03-12,no,Input missing,Missing verified issuer input: net_expense_ratio_pct (fee_designation=unknown). Not ranked; nothing imputed.
SDIV,Global X SuperDividend ETF,Global X,globalxetfs.com,ETF; verify current legal form,Dividend equities,0.58,net,2025-03-01,https://assets.globalxetfs.com/dev/documents/sdiv/prospectus-regulatory/Summary-Prospectus.pdf,2025-03-01,,1170000000,2026-10-08,https://www.globalxetfs.com/funds/sdiv/,2011-06-08,no,Ranked,"Verified legal form, >=36 months history, dated net fee and AUM from issuer source."
EWH,iShares MSCI Hong Kong ETF,iShares,ishares.com,ETF; verify current legal form,International and global equities,,unknown,,,,,1179198468,2026-10-09,https://www.ishares.com/us/products/239657/ishares-msci-hong-kong-etf?fundSearch=true&qt=EEMS,1996-03-12,no,Input missing,Missing verified issuer input: net_expense_ratio_pct (fee_designation=unknown). Not ranked; nothing imputed.
MSTY,YieldMax MSTR Option Income Strategy ETF,YieldMax,yieldmaxetfs.com,ETF; verify current legal form,Options income and distribution strategies,,gross,,,,,1070000000,2026-10-10,,2024-02-21,yes,Too new,Under 36 months of history at 2026-09-30: first Tiingo date 2024-02-22 (31 months). Not ranked. Notes: AUM date is fetch date (source undated).
BLOK,Amplify Transformational Data Sharing ETF,Amplify,amplifyetfs.com,ETF; verify current legal form,Sector and thematic equities,,unknown,,,,,1052682534,2026-10-08,https://amplifyetfs.com/BLOK/,2018-01-16,no,Input missing,Missing verified issuer input: net_expense_ratio_pct (fee_designation=unknown). Not ranked; nothing imputed.
GSG,iShares S&P GSCI Commodity-Indexed Trust ETF,iShares,ishares.com,commodity-pool/trust; verify exact legal form,Commodity futures,,unknown,,,,,1032795094,2026-10-09,https://www.ishares.com/us/products/239757/ishares-sp-gsci-commodityindexed-trust-fund,2006-07-10,no,Legal form unverified,Legal form not confirmed from issuer source (catalogue structure: commodity-pool/trust; verify exact legal form). Not ranked until checked.
QDTE,Roundhill Innov-100 0DTE Covered Call Strat ETF,Roundhill,roundhillinvestments.com,ETF; verify current legal form,Options income and distribution strategies,,gross,,,,,975600000,2026-09-30,https://www.roundhillinvestments.com/assets/pdfs/QDTE_ETF_Fact_Sheet.pdf,2024-03-07,yes,Too new,Under 36 months of history at 2026-09-30: first Tiingo date 2024-03-07 (30 months). Not ranked.
HLAL,Wahed FTSE USA Shariah ETF,Wahed,wahed.com,ETF; verify current legal form,US broad market and styles,,unknown,,,,,,,,2019-07-16,yes,Input missing,Missing verified issuer input: net_expense_ratio_pct (fee_designation=unknown); aum_usd. Not ranked; nothing imputed.
AIPO,Defiance AI & Power Infrastructure ETF,Defiance,defianceetfs.com,ETF; verify current legal form,Sector and thematic equities,,gross,,,,,923270000,2026-10-08,https://www.defianceetfs.com/AIPO/,2025-07-24,no,Too new,Under 36 months of history at 2026-09-30: first Tiingo date 2025-07-25 (14 months). Not ranked.
TAN,Invesco Solar ETF,Invesco,invesco.com,ETF; verify current legal form,Sector and thematic equities,,unknown,,,,,,,,,yes,Input missing,Missing verified issuer input: net_expense_ratio_pct (fee_designation=unknown); aum_usd. Not ranked; nothing imputed.
MSTU,T-Rex 2X Long MSTR Daily Target ETF,T-Rex,rexshares.com,ETF; verify current legal form,Leveraged and inverse ETFs,,unknown,,,,,,,,2024-09-18,no,Separate list,leveraged/inverse (daily reset); shown on its own list per plan Section 5. Fee/AUM collected for Vehicle display only.
JETS,US Global Jets ETF,US Global Investors,usglobaletfs.com,ETF; verify current legal form,Sector and thematic equities,,unknown,,,,,,,,,no,Input missing,Missing verified issuer input: net_expense_ratio_pct (fee_designation=unknown); aum_usd. Not ranked; nothing imputed.
ARKX,ARK Space & Defense Innovation ETF,ARK,ark-funds.com,ETF; verify current legal form,Sector and thematic equities,,unknown,,,,ARK has voluntarily agreed to waive a portion of its management fee; 'The fee waiver arrangement will continue through at least 11/30/2025.' Gross expense ratio 0.78%. Expiry date has passed relative to today and no later extension was found.,447650000,2025-09-30,https://etfs.ark-funds.com/hubfs/1_Download_Files_ETF_Website/Fact_Sheets/ARKX_Factsheet.pdf,2021-03-30,yes,Input missing,Missing verified issuer input: net_expense_ratio_pct (fee_designation=unknown). Not ranked; nothing imputed. Notes: waiver ended before run date; net fee withdrawn.
UGL,ProShares Ultra Gold ETF,ProShares,proshares.com,commodity-pool/trust; verify exact legal form,Leveraged and inverse ETFs,,unknown,,,,,734880264,2026-10-10,https://www.proshares.com/our-etfs/leveraged-and-inverse/ugl,2008-12-01,yes,Separate list,leveraged/inverse (daily reset); shown on its own list per plan Section 5. Fee/AUM collected for Vehicle display only. Notes: AUM date is fetch date (source undated).
FEPI,Rex Fang & Innovation Equity Premium Income ETF,REX,rexshares.com,ETF; verify current legal form,Options income and distribution strategies,,gross,,,,,743775500,2026-10-08,https://www.rexshares.com/FEPI/,2023-10-11,yes,Too new,Under 36 months of history at 2026-09-30: first Tiingo date 2023-10-11 (35 months). Not ranked.
CPER,United States Copper Index Fund,United States,uscfinvestments.com,commodity-pool/trust; verify exact legal form,Commodity futures,,unknown,,,,,,,,2011-11-15,yes,Input missing,Missing verified issuer input: net_expense_ratio_pct (fee_designation=unknown); aum_usd. Not ranked; nothing imputed.
ARKF,ARK Fintech Innovation ETF,ARK,ark-funds.com,ETF; verify current legal form,Sector and thematic equities,,unknown,,,,,1420000000,2026-10-10,,2019-02-04,yes,Input missing,Missing verified issuer input: net_expense_ratio_pct (fee_designation=unknown). Not ranked; nothing imputed. Notes: AUM date is fetch date (source undated).
TSLY,YieldMax TSLA Option Income Strategy ETF,YieldMax,yieldmaxetfs.com,ETF; verify current legal form,Options income and distribution strategies,,gross,,,,,689450000,2026-10-10,,2022-11-22,yes,Input missing,Missing verified issuer input: net_expense_ratio_pct (fee_designation=gross). Not ranked; nothing imputed. Notes: AUM date is fetch date (source undated).
ARGT,Global X MSCI Argentina ETF,Global X,globalxetfs.com,ETF; verify current legal form,International and global equities,0.59,net,2025-03-01,https://assets.globalxetfs.com/dev/documents/argt/prospectus-regulatory/Summary-Prospectus.pdf,2025-03-01,,708890000,2026-10-08,https://www.globalxetfs.com/funds/ARGT,2011-03-02,yes,Ranked,"Verified legal form, >=36 months history, dated net fee and AUM from issuer source."
NUKZ,Range Nuclear Renaissance ETF,Range,rangeetfs.com,ETF; verify current legal form,Sector and thematic equities,,unknown,,,,,,,,,no,Too new,Under 36 months of history at 2026-09-30: first Tiingo date 2024-01-24 (32 months). Not ranked.
BNO,United States Brent Oil Fund LP,United States,uscfinvestments.com,commodity-pool/trust; verify exact legal form,Commodity futures,,unknown,,,,,,,,2010-06-02,yes,Input missing,Missing verified issuer input: net_expense_ratio_pct (fee_designation=unknown); aum_usd. Not ranked; nothing imputed.
PALL,abrdn Physical Palladium Shares ETF,Aberdeen,aberdeeninvestments.com,physical-metal-trust,Physical precious metals,,unknown,,,,,602280000,2026-10-09,https://www.aberdeeninvestments.com/en-us/investor/funds/view-all-funds/abrdn-physical-palladium-shares-etf-us0032621023?subTab=keyInformationTab,,yes,Input missing,Missing verified issuer input: net_expense_ratio_pct (fee_designation=unknown). Not ranked; nothing imputed.
BITU,ProShares Ultra Bitcoin ETF,ProShares,proshares.com,ETF; verify current legal form,Leveraged and inverse ETFs,,unknown,,,,,578383150,2026-10-10,https://www.proshares.com/our-etfs/leveraged-and-inverse/BITU,2024-04-01,yes,Separate list,leveraged/inverse (daily reset); shown on its own list per plan Section 5. Fee/AUM collected for Vehicle display only. Notes: AUM date is fetch date (source undated).
YINN,Direxion Daily FTSE China Bull 3x Shares,Direxion,direxion.com,ETF; verify current legal form,Leveraged and inverse ETFs,,unknown,,,,,,,,,no,Separate list,leveraged/inverse (daily reset); shown on its own list per plan Section 5. Fee/AUM collected for Vehicle display only.
CONL,GraniteShares 2x Long COIN Daily ETF,GraniteShares,graniteshares.com,ETF; verify current legal form,Leveraged and inverse ETFs,,unknown,,,,,,,,2022-08-09,no,Separate list,leveraged/inverse (daily reset); shown on its own list per plan Section 5. Fee/AUM collected for Vehicle display only.
QCLN,First Trust NASDAQ Clean Edge Green Energy Idx Fd,First Trust,ftportfolios.com,ETF; verify current legal form,Sector and thematic equities,0.59,net,2026-05-01,https://www.ftportfolios.com/retail/etf/etfsummary.aspx?ticker=QCLN,2026-05-01,"Expenses are capped contractually at 0.60% per year, at least through April 30, 2027.",545376938,2026-10-08,https://www.ftportfolios.com/retail/etf/etfsummary.aspx?ticker=QCLN,2007-02-08,yes,Ranked,"Verified legal form, >=36 months history, dated net fee and AUM from issuer source."
AIPI,REX AI Equity Premium Income ETF,REX,rexshares.com,ETF; verify current legal form,Options income and distribution strategies,,gross,,,,,,,,2024-06-04,yes,Too new,Under 36 months of history at 2026-09-30: first Tiingo date 2024-06-04 (27 months). Not ranked.
AMDY,YieldMax AMD Option Income Strategy ETF,YieldMax,yieldmaxetfs.com,ETF; verify current legal form,Options income and distribution strategies,,gross,,,,,483230000,2026-10-10,,2023-09-18,yes,Input missing,Missing verified issuer input: net_expense_ratio_pct (fee_designation=gross). Not ranked; nothing imputed. Notes: AUM date is fetch date (source undated).
VNM,VanEck Vietnam ETF,VanEck,vaneck.com,ETF; verify current legal form,International and global equities,0.66,net,2026-09-30,https://www.vaneck.com/us/en/investments/vietnam-etf-vnm-fact-sheet.pdf,2026-09-30,"Expenses for VNM are capped contractually at 0.76% until May 1, 2027 (excl. acquired fund fees, interest, trading, taxes, extraordinary expenses). Fee Waivers shown as '--', so no waiver applied; net equals gross.",469760000,2026-10-08,https://www.vaneck.com/us/en/investments/vietnam-etf-vnm/overview/,2009-08-11,no,Ranked,"Verified legal form, >=36 months history, dated net fee and AUM from issuer source."
UNG,United States Natural Gas Fund,United States,uscfinvestments.com,commodity-pool/trust; verify exact legal form,Commodity futures,,unknown,,,,,,,,2007-04-18,yes,Input missing,Missing verified issuer input: net_expense_ratio_pct (fee_designation=unknown); aum_usd. Not ranked; nothing imputed.
EZA,iShares MSCI South Africa ETF,iShares,ishares.com,ETF; verify current legal form,International and global equities,,unknown,,,,,458043633,2026-10-08,https://www.ishares.com/us/products/239680/ishares-msci-south-africa-etf?qt=EZA,2003-02-03,no,Input missing,Missing verified issuer input: net_expense_ratio_pct (fee_designation=unknown). Not ranked; nothing imputed.
BITQ,Bitwise Crypto Industry Innovators ETF,Bitwise,bitqetf.com,ETF; verify current legal form,Sector and thematic equities,,unknown,,,,,417982715,2026-10-07,https://bitqetf.com/,2021-05-11,yes,Input missing,Missing verified issuer input: net_expense_ratio_pct (fee_designation=unknown). Not ranked; nothing imputed.
POWR,iShares US Power Infrastructure ETF,iShares,ishares.com,ETF; verify current legal form,Sector and thematic equities,,unknown,,,,,448160030,2026-10-09,https://www.ishares.com/us/products/239653/ishares-u-s-power-infrastructure-etf,2012-01-31,no,Input missing,Missing verified issuer input: net_expense_ratio_pct (fee_designation=unknown). Not ranked; nothing imputed.
BTCO,Invesco Galaxy Bitcoin ETF,Invesco,invesco.com,spot-bitcoin-trust,Spot digital asset trusts,,unknown,,,,,,,,,yes,Too new,Under 36 months of history at 2026-09-30: first Tiingo date 2024-01-11 (32 months). Not ranked.
THD,Ishares Msci Thailand Etf,iShares,ishares.com,ETF; verify current legal form,International and global equities,,unknown,,,,,423101572,2026-10-08,https://www.ishares.com/us/products/239688/THD,2008-03-26,no,Input missing,Missing verified issuer input: net_expense_ratio_pct (fee_designation=unknown). Not ranked; nothing imputed.
EIDO,iShares MSCI Indonesia ETF,iShares,ishares.com,ETF; verify current legal form,International and global equities,,unknown,,,,,400490968,2026-10-08,https://www.ishares.com/us/products/239661/ishares-msci-indonesia-etf?qt=EEMS,2010-05-05,no,Input missing,Missing verified issuer input: net_expense_ratio_pct (fee_designation=unknown). Not ranked; nothing imputed.
SLVO,Ubs Ag Etracs Silver Shares Covered Call ETN Exp 21 Apr 2033,UBS ETRACS,etracs.ubs.com,ETN,ETNs — separate from ETFs,,unknown,,,,,,,,2013-04-16,yes,Separate list,ETN; shown on its own list per plan Section 5. Fee/AUM collected for Vehicle display only.
XRT,State Street PDR S&P Retail ETF,State Street,ssga.com,ETF; verify current legal form,Sector and thematic equities,,gross,,,,,386090000,2026-10-08,https://www.ssga.com/us/en/individual/etfs/state-street-spdr-sp-retail-etf-xrt,2006-06-19,no,Input missing,Missing verified issuer input: net_expense_ratio_pct (fee_designation=gross). Not ranked; nothing imputed.
CLOU,Global X Cloud Computing ETF,Global X,globalxetfs.com,ETF; verify current legal form,Sector and thematic equities,0.68,net,2026-04-01,https://assets.globalxetfs.com/funds/documents/clou/prospectus-regulatory/Summary-Prospectus.pdf,2026-04-01,,394400000,2026-10-08,https://www.globalxetfs.com/funds/CLOU,2019-04-12,yes,Ranked,"Verified legal form, >=36 months history, dated net fee and AUM from issuer source."
CONY,YieldMax COIN Option Income Strategy ETF,YieldMax,yieldmaxetfs.com,ETF; verify current legal form,Options income and distribution strategies,,gross,,,,,359650000,2026-10-10,,2023-08-14,yes,Input missing,Missing verified issuer input: net_expense_ratio_pct (fee_designation=gross). Not ranked; nothing imputed. Notes: AUM date is fetch date (source undated).
JPIN,JPMorgan Diversified Return International Eqty ETF,JPMorgan,am.jpmorgan.com,ETF; verify current legal form,International and global equities,0.37,net,2026-08-31,https://am.jpmorgan.com/content/dam/jpm-am-aem/americas/us/en/literature/fact-sheet/etfs/FS-JPIN.PDF,2026-08-31,,369400000,2026-08-31,https://am.jpmorgan.com/content/dam/jpm-am-aem/americas/us/en/literature/fact-sheet/etfs/FS-JPIN.PDF,2014-11-05,no,Ranked,"Verified legal form, >=36 months history, dated net fee and AUM from issuer source."
YMAX,YieldMax Universe Fund of Option Income ETFs,YieldMax,yieldmaxetfs.com,ETF; verify current legal form,Options income and distribution strategies,,gross,,,,,361430000,2026-10-10,,2024-01-16,yes,Too new,Under 36 months of history at 2026-09-30: first Tiingo date 2024-01-17 (32 months). Not ranked. Notes: AUM date is fetch date (source undated).
DRIV,Global X Autonomous & Electric Vehicles,Global X,globalxetfs.com,ETF; verify current legal form,Sector and thematic equities,0.68,net,2026-04-01,https://assets.globalxetfs.com/funds/documents/driv/prospectus-regulatory/Summary-Prospectus.pdf,2026-04-01,,356370000,2026-10-08,https://www.globalxetfs.com/funds/driv/,2018-04-13,no,Ranked,"Verified legal form, >=36 months history, dated net fee and AUM from issuer source."
BOIL,ProShares Ultra Bloomberg Natural Gas ETF,ProShares,proshares.com,commodity-pool/trust; verify exact legal form,Leveraged and inverse ETFs,,unknown,,,,,337000163,2026-10-10,https://www.proshares.com/our-etfs/leveraged-and-inverse/boil,2011-10-04,yes,Separate list,leveraged/inverse (daily reset); shown on its own list per plan Section 5. Fee/AUM collected for Vehicle display only. Notes: AUM date is fetch date (source undated).
PBW,Invesco WilderHill Clean Energy ETF,Invesco,invesco.com,ETF; verify current legal form,Sector and thematic equities,,unknown,,,,,,,,,no,Input missing,Missing verified issuer input: net_expense_ratio_pct (fee_designation=unknown); aum_usd. Not ranked; nothing imputed.
EWQ,iShares MSCI France ETF,iShares,ishares.com,ETF; verify current legal form,International and global equities,,unknown,,,,,330710712,2026-10-08,https://www.ishares.com/us/products/239648/ishares-msci-france-etf,1996-03-12,no,Input missing,Missing verified issuer input: net_expense_ratio_pct (fee_designation=unknown). Not ranked; nothing imputed.
XDTE,Roundhill S&P 500 0DTE Covered Call Strategy ETF,Roundhill,roundhillinvestments.com,ETF; verify current legal form,Options income and distribution strategies,,gross,,,,,332500000,2026-09-30,https://www.roundhillinvestments.com/assets/pdfs/XDTE_ETF_Fact_Sheet.pdf,2024-03-07,yes,Too new,Under 36 months of history at 2026-09-30: first Tiingo date 2024-03-07 (30 months). Not ranked.
USOI,Ubs Ag Etracs Crude Oil Shares Covered Call ETN Exp 24th Apr 2037,UBS ETRACS,etracs.ubs.com,ETN,ETNs — separate from ETFs,,unknown,,,,,,,,2017-04-25,yes,Separate list,ETN; shown on its own list per plan Section 5. Fee/AUM collected for Vehicle display only.
SRVR,Pacer Data & Infra Real Estate ETF,Pacer,paceretfs.com,ETF; verify current legal form,Real estate and infrastructure equities,,unknown,,,,,,,,2018-05-15,yes,Input missing,Missing verified issuer input: net_expense_ratio_pct (fee_designation=unknown); aum_usd. Not ranked; nothing imputed.
YMAG,YieldMax Magnificent 7 Fund of Option Income ETFs,YieldMax,yieldmaxetfs.com,ETF; verify current legal form,Options income and distribution strategies,,gross,,,,,294490000,2026-10-10,,2024-01-29,yes,Too new,Under 36 months of history at 2026-09-30: first Tiingo date 2024-01-30 (32 months). Not ranked. Notes: AUM date is fetch date (source undated).
EWM,iShares MSCI Malaysia ETF,iShares,ishares.com,ETF; verify current legal form,International and global equities,,unknown,,,,,255956509,2026-10-09,https://www.ishares.com/us/products/239669/ishares-msci-malaysia-etf,1996-03-12,no,Input missing,Missing verified issuer input: net_expense_ratio_pct (fee_designation=unknown). Not ranked; nothing imputed.
WEAT,Teucrium Wheat Fund,Teucrium,teucrium.com,commodity-pool/trust; verify exact legal form,Commodity futures,,unknown,,,,,,,,2011-09-19,no,Legal form unverified,Legal form not confirmed from issuer source (catalogue structure: commodity-pool/trust; verify exact legal form). Not ranked until checked.
DBO,Invesco DB Oil Fund,Invesco,invesco.com,commodity-pool/trust; verify exact legal form,Commodity futures,0.75,net,2026-10-10,https://www.invesco.com/us/en/solutions/invesco-etfs/commodity-investing.html,2026-10-10,,,,https://www.invesco.com/us-rest/contentdetail?contentId=dd29346f-c743-4716-a897-2d2d4ec8a8dd&dnsName=us,,yes,Input missing,Missing verified issuer input: aum_usd. Not ranked; nothing imputed. Notes: fee date is fetch date (source undated); AUM dated 2022-03-31 is older than 12 months; withdrawn.
IDRV,iShares Self-Driving EV and Tech,iShares,ishares.com,ETF; verify current legal form,Sector and thematic equities,,unknown,,,,,261727610,2026-10-08,https://www.ishares.com/us/products/307332/ishares-self-driving-ev-and-tech-etf,2019-04-16,no,Input missing,Missing verified issuer input: net_expense_ratio_pct (fee_designation=unknown). Not ranked; nothing imputed.
ESPO,VanEck Video Gaming and eSports ETF,VanEck,vaneck.com,ETF; verify current legal form,Sector and thematic equities,0.55,net,2026-09-30,https://www.vaneck.com/us/en/investments/video-gaming-esports-etf-espo-fact-sheet.pdf,2026-09-30,"Expenses for ESPO are capped contractually at 0.55% until February 1, 2027 (excl. acquired fund fees, interest, trading, taxes, extraordinary expenses). Fee Waivers shown as '--', so no waiver applied.",248060000,2026-10-08,https://www.vaneck.com/us/en/investments/video-gaming-esports-etf-espo/documents/,2018-10-16,no,Ranked,"Verified legal form, >=36 months history, dated net fee and AUM from issuer source."
AMZY,YieldMax AMZN Option Income Strategy ETF,YieldMax,yieldmaxetfs.com,ETF; verify current legal form,Options income and distribution strategies,,gross,,,,,214450000,2026-10-10,,2023-07-24,yes,Input missing,Missing verified issuer input: net_expense_ratio_pct (fee_designation=gross). Not ranked; nothing imputed. Notes: AUM date is fetch date (source undated).
RDTE,Roundhill Russell 2000 0DTE Covered Call Strat ETF,Roundhill,roundhillinvestments.com,ETF; verify current legal form,Options income and distribution strategies,,gross,,,,,176900000,2026-09-30,https://www.roundhillinvestments.com/assets/pdfs/rdte_factsheet.pdf,2024-09-10,yes,Too new,Under 36 months of history at 2026-09-30: first Tiingo date 2024-09-10 (24 months). Not ranked.
ROKT,SPDR Kensho Final Frontiers ETF,SPDR,ssga.com,ETF; verify current legal form,Sector and thematic equities,,gross,,,,,168730000,2026-10-08,https://www.ssga.com/us/en/institutional/etfs/state-street-spdr-sp-kensho-final-frontiers-etf-rokt,2018-10-22,no,Input missing,Missing verified issuer input: net_expense_ratio_pct (fee_designation=gross). Not ranked; nothing imputed.
CWEB,Direxion Daily CSI China Internet Bull 2X Shares,Direxion,direxion.com,ETF; verify current legal form,Leveraged and inverse ETFs,,unknown,,,,,,,,,no,Separate list,leveraged/inverse (daily reset); shown on its own list per plan Section 5. Fee/AUM collected for Vehicle display only.
GPTY,YieldMax AI & Tech Portfolio Option Income ETF,YieldMax,yieldmaxetfs.com,ETF; verify current legal form,Options income and distribution strategies,,gross,,,,,134390000,2026-10-10,,2025-01-22,yes,Too new,Under 36 months of history at 2026-09-30: first Tiingo date 2025-01-23 (20 months). Not ranked. Notes: AUM date is fetch date (source undated).
CORN,Teucrium Corn Fund,Teucrium,teucrium.com,commodity-pool/trust; verify exact legal form,Commodity futures,,unknown,,,,,,,,2010-06-09,no,Legal form unverified,Legal form not confirmed from issuer source (catalogue structure: commodity-pool/trust; verify exact legal form). Not ranked until checked.
NVDW,Roundhill NVDA WeeklyPay ETF,Roundhill,roundhillinvestments.com,ETF; verify current legal form,Options income and distribution strategies,,gross,,,,,118800000,2026-09-30,https://www.roundhillinvestments.com/assets/pdfs/nvdw_factsheet.pdf,2025-02-19,yes,Too new,Under 36 months of history at 2026-09-30: first Tiingo date 2025-06-02 (15 months). Not ranked.
KOLD,ProShares UltraShort Bloomberg Natural Gas ETF,ProShares,proshares.com,commodity-pool/trust; verify exact legal form,Leveraged and inverse ETFs,,unknown,,,,,131766694,2026-10-10,https://www.proshares.com/our-etfs/leveraged-and-inverse/KOLD,2011-10-04,yes,Separate list,leveraged/inverse (daily reset); shown on its own list per plan Section 5. Fee/AUM collected for Vehicle display only. Notes: AUM date is fetch date (source undated).
ASEA,Global X FTSE Southeast Asia ETF,Global X,globalxetfs.com,ETF; verify current legal form,International and global equities,0.65,net,2025-03-01,https://assets.globalxetfs.com/dev/documents/asea/prospectus-regulatory/Summary-Prospectus.pdf,2025-03-01,,96620000,2026-10-08,https://www.globalxetfs.com/funds/ASEA,2011-02-16,yes,Ranked,"Verified legal form, >=36 months history, dated net fee and AUM from issuer source."
MSTZ,T-Rex 2X Inverse MSTR Daily Target ETF,T-Rex,rexshares.com,ETF; verify current legal form,Leveraged and inverse ETFs,,unknown,,,,,,,,2024-09-18,no,Separate list,leveraged/inverse (daily reset); shown on its own list per plan Section 5. Fee/AUM collected for Vehicle display only.
KARS,KraneShares Electric Vehicles and Future Mobility,KraneShares,kraneshares.com,ETF; verify current legal form,Sector and thematic equities,,unknown,,,,,72359028,2026-10-08,https://kraneshares.com/etf/kars/,2018-01-18,no,Input missing,Missing verified issuer input: net_expense_ratio_pct (fee_designation=unknown). Not ranked; nothing imputed.
KTEC,KraneShares Hang Seng TECH Index ETF,KraneShares,kraneshares.com,ETF; verify current legal form,International and global equities,,unknown,,,,,45036053,2026-10-08,https://kraneshares.com/etf/ktec/,2021-06-08,no,Input missing,Missing verified issuer input: net_expense_ratio_pct (fee_designation=unknown). Not ranked; nothing imputed.
SOYB,Teucrium Soybean Fund,Teucrium,teucrium.com,commodity-pool/trust; verify exact legal form,Commodity futures,,unknown,,,,,,,,2011-09-19,no,Legal form unverified,Legal form not confirmed from issuer source (catalogue structure: commodity-pool/trust; verify exact legal form). Not ranked until checked.
QDTY,YieldMax Nasdaq 100 0DTE Covered Call Strategy ETF,YieldMax,yieldmaxetfs.com,ETF; verify current legal form,Options income and distribution strategies,,gross,,,,,29260000,2026-10-10,,2025-02-12,yes,Too new,Under 36 months of history at 2026-09-30: first Tiingo date 2025-02-13 (19 months). Not ranked. Notes: AUM date is fetch date (source undated).
CTEC,Global X CleanTech,Global X,globalxetfs.com,ETF; verify current legal form,Sector and thematic equities,0.5,net,2025-04-01,https://assets.globalxetfs.com/dev/documents/ctec/prospectus-regulatory/Summary-Prospectus.pdf,2025-04-01,,24570000,2026-10-08,https://www.globalxetfs.com/funds/ctec/,2020-10-27,yes,Ranked,"Verified legal form, >=36 months history, dated net fee and AUM from issuer source."
VTI,Vanguard Total Stock Market Index Fund ETF,Vanguard,vanguard.com,ETF; verify current legal form,US broad market and styles,0.03,net,2026-06-30,https://fund-docs.vanguard.com/F0970.pdf,2026-06-30,,663488000000,2026-06-30,https://fund-docs.vanguard.com/F0970.pdf,2001-05-24,yes,Ranked,"Verified legal form, >=36 months history, dated net fee and AUM from issuer source. Notes: net = summary-prospectus total (no waiver line)."
SPY,S&P500 ETF,State Street,ssga.com,ETF trust,US broad market and styles,,gross,,,,,817200170000,2026-10-08,https://www.ssga.com/us/en/intermediary/etfs/state-street-spdr-sp-500-etf-trust-spy,1993-01-22,yes,Input missing,Missing verified issuer input: net_expense_ratio_pct (fee_designation=gross). Not ranked; nothing imputed.
VWO,Vanguard Emerging Markets Stock Index Fund ETF,Vanguard,vanguard.com,ETF; verify current legal form,International and global equities,0.06,net,2026-06-30,https://fund-docs.vanguard.com/F0964.pdf,2026-06-30,,122306000000,2026-06-30,https://fund-docs.vanguard.com/F0964.pdf,2005-03-04,yes,Ranked,"Verified legal form, >=36 months history, dated net fee and AUM from issuer source. Notes: net = summary-prospectus total (no waiver line)."
IWM,iShares Russell 2000 ETF,iShares,ishares.com,ETF; verify current legal form,US broad market and styles,,unknown,,,,,78740032209,2026-10-09,https://www.ishares.com/us/products/239710/ishares-russell-2000-etf,2000-05-22,no,Input missing,Missing verified issuer input: net_expense_ratio_pct (fee_designation=unknown). Not ranked; nothing imputed.
XLF,Financial Select Sector SPDR Fund,State Street,ssga.com,ETF; verify current legal form,Sector and thematic equities,,gross,,,,,50432020000,2026-10-08,https://www.ssga.com/us/en/individual/etfs/state-street-financial-select-sector-spdr-etf-xlf,1998-12-16,no,Input missing,Missing verified issuer input: net_expense_ratio_pct (fee_designation=gross). Not ranked; nothing imputed.
XLV,Health Care Select Sector SPDR Fund,State Street,ssga.com,ETF; verify current legal form,Sector and thematic equities,,gross,,,,,43536790000,2026-10-08,https://www.ssga.com/us/en/individual/etfs/state-street-health-care-select-sector-spdr-etf-xlv,1998-12-16,no,Input missing,Missing verified issuer input: net_expense_ratio_pct (fee_designation=gross). Not ranked; nothing imputed.
XLE,Energy Select Sector SPDR Fund,State Street,ssga.com,ETF; verify current legal form,Sector and thematic equities,,gross,,,,,41940540000,2026-10-08,https://www.ssga.com/us/en/individual/etfs/state-street-energy-select-sector-spdr-etf-xle,1998-12-16,no,Input missing,Missing verified issuer input: net_expense_ratio_pct (fee_designation=gross). Not ranked; nothing imputed.
LQD,iShares iBoxx $ Inv Grade Corporate Bond ETF,iShares,ishares.com,ETF; verify current legal form,Fixed income and preferred securities,,unknown,,,,,28521570526,2026-10-09,https://www.ishares.com/us/products/239566/ishares-iboxx-investment-grade-corporate-bond-etf,2002-07-22,no,Input missing,Missing verified issuer input: net_expense_ratio_pct (fee_designation=unknown). Not ranked; nothing imputed.
XLY,Consumer Discretionary Select Sector SPDR Fund,State Street,ssga.com,ETF; verify current legal form,Sector and thematic equities,,gross,,,,,21896000000,2026-10-08,https://www.ssga.com/us/en/individual/etfs/state-street-consumer-discretionary-select-sector-spdr-etf-xly,1998-12-16,no,Input missing,Missing verified issuer input: net_expense_ratio_pct (fee_designation=gross). Not ranked; nothing imputed.
ACP,abrdn Income Credit Strategies Fund,Aberdeen,aberdeeninvestments.com,closed-end-fund,Exclusions,,unknown,,,,,,,,,no,Excluded,Operating-company stock or closed-end fund (structure: closed-end-fund); outside ETF rankings per plan Section 5. Fee and AUM not collected.
